<?xml version="1.0" encoding="UTF-8"?>
<products><product><productID>1</productID><name>Mercedes BENZ B-Class</name><price>20000</price><quantity>20</quantity></product><product><productID>2</productID><name>Mercedes BENZ E-Class</name><price>25000</price><quantity>15</quantity></product><product><productID>3</productID><name>Mercedes BENZ SL-Class</name><price>30000</price><quantity>10</quantity></product><product><productID>4</productID><name>Mercedes BENZ R-Class</name><price>50000</price><quantity>29</quantity></product><product><productID>5</productID><name>Mercedes BENZ S-Class</name><price>40000</price><quantity>20</quantity></product><product><productID>6</productID><name>MERCEDES BENZ-SL 2016</name><price>40000</price><quantity>20</quantity></product></products>
